{
    "Ar36": {
        "error": 0.00021119799693196064, 
        "filter_outliers_dict": {
            "filter_outliers": true, 
            "iterations": 1, 
            "std_devs": 2
        }, 
        "fit": "Linear", 
        "value": 0.030693460301002923
    }, 
    "Ar37": {
        "error": 0.005093651457388209, 
        "filter_outliers_dict": {
            "filter_outliers": true, 
            "iterations": 1, 
            "std_devs": 2
        }, 
        "fit": "linear", 
        "value": 0.05296599430130322
    }, 
    "Ar38": {
        "error": 0.0022952038385829834, 
        "filter_outliers_dict": {
            "filter_outliers": true, 
            "iterations": 1, 
            "std_devs": 2
        }, 
        "fit": "linear", 
        "value": 0.5952105238624013
    }, 
    "Ar39": {
        "error": 0.009677085458628228, 
        "filter_outliers_dict": {
            "filter_outliers": true, 
            "iterations": 1, 
            "std_devs": 2
        }, 
        "fit": "Linear", 
        "value": 47.474352466460644
    }, 
    "Ar40": {
        "error": 0.012223373861841417, 
        "filter_outliers_dict": {
            "filter_outliers": true, 
            "iterations": 1, 
            "std_devs": 2
        }, 
        "fit": "Linear", 
        "value": 177.7459766636421
    }, 
    "PM41": {
        "error": 0.06615454777455597, 
        "filter_outliers_dict": {
            "filter_outliers": false, 
            "iterations": 1, 
            "std_devs": 2
        }, 
        "fit": "linear", 
        "value": -0.16153572375903935
    }
}